[
	{
		"id":"2",
		"question":"What is easy to get into, but hard to get out of?",
		"answer":"Trouble"
	},
	{
		"id":"3",
		"question":"What gets broken without being held?",
		"answer":"Promise"
	},
	{
		"id":"4",
		"question":"I'm tall when I'm young. I'm short when I'm old. I can light up your world. What am I?",
		"answer":"Candle"
	},
	{
		"id":"5",
		"question":"What do you get when you mix lemons with gunpowder?",
		"answer":"Lemonades"
	},
	{
		"id":"6",
		"question":"Mr.Red lives in the red house.Mr.Blue lives in the blue house. Mrs. Pink lives in the pink house? Who lives in the white house?",
		"answer":"President"
	},
	{
		"id":"7",
		"question":"I have an eye, but can't see. I usually have to work with something in my eye. What am I?",
		"answer":"Needle"
	},
	{
		"id":"8",
		"question":"Given them to the girls whenever, And they'll be best friends forever. Shiny, pretty stones, Bought with massive loans.",
		"answer":"Diamonds"
	},
	{
		"id":"9",
		"question":"I am lighter than air but a hundred people cannot lift me. Careful, I am fragile. What am I?",
		"answer":"Bubble"
	},
	{
		"id":"10",
		"question":"When you take away the whole from me, there is always some left. What am I?",
		"answer":"Bubble"
	},
	{
		"id":"11",
		"question":"What type of cheese is made backwards?",
		"answer":"Wholesome"
	},
	{
		"id":"12",
		"question":"What can travel around the world while staying in a corner?",
		"answer":"Stamp"
	},
	{
		"id":"13",
		"question":"What goes through towns and over hills but never moves?",
		"answer":"Road"
	},
	{
		"id":"14",
		"question":"What time of day, when written in a capital letters, is the same forwards, backwards and upside down?",
		"answer":"Noon"
	},
	{
		"id":"15",
		"question":"I am a kind of coat that can only be put on when wet. What am I?",
		"answer":"Paint"
	},
	{
		"id":"16",
		"question":"Soft, hairy, from door to door. I am the pet that always stays on the floor. What am I?",
		"answer":"Carpet"
	},
	{
		"id":"17",
		"question":"What is it that is deaf, dumb and blind and always tells the truth?",
		"answer":"Mirror"
	},
	{
		"id":"18",
		"question":"I cannot be other than what I am, until the man who made me dies. Power and glory will fall to me, only when he last closes his eyes. Who am I?",
		"answer":"Prince"
	},
	{
		"id":"19",
		"question":"What three letters change a boy into a man?",
		"answer":"Age"
	},
	{
		"id":"20",
		"question":"The last man on Earth received a phone call, who was the caller?",
		"answer":"Woman "
	},
	{
		"id":"21",
		"question":"Tear off my skin and I won't cry but you will. What am I?",
		"answer":"Onion"
	},
	{
		"id":"22",
		"question":"What is harder to catch the faster you run?",
		"answer":"Breath"
	},
	{
		"id":"23",
		"question":"Never resting, never still, Silently moving from hill to hill, I do not walk, run or trot, But all is cool where I am not. What am I?",
		"answer":"Sunshine"
	},
	{
		"id":"24",
		"question":"I cannot be burned in fire or drowned in water. What am I?",
		"answer":"Ice"
	},
	{
		"id":"25",
		"question":"I'm a word that is not even strange. What am I?",
		"answer":"Odd"
	},
	{
		"id":"26",
		"question":"What gets sharper the more you use it?",
		"answer":"Brain"
	},
	{
		"id":"27",
		"question":"Fatherless and Motherless, born without sin. Roared when it entered the world, And never spoke again.What's it?",
		"answer":"Thunder"
	},
	{
		"id":"28",
		"question":"Who is the most foreign visitor you could imagine?",
		"answer":"Alien"
	},
	{
		"id":"29",
		"question":"I go up and I go down, towards the sky and the ground. I'm present and past tense too, Let's go for a ride, me and you. What am I?",
		"answer":"Seesaw"
	},
	{
		"id":"30",
		"question":"What can be heard in court or used to carry briefs?",
		"answer":"Case"
	},
	{
		"id":"31",
		"question":"If you are looking for I touch the Earth, I touch the sky, but if I touch you, you'll likely die. What am I?",
		"answer":"Lightning"
	},
	{
		"id":"32",
		"question":"Walk on the living, they don't even mumble, Walk on the dead, they mutter and grumble. What are they?",
		"answer":"Leaves"
	},
	{
		"id":"33",
		"question":"I have a head but never weeps. I have a bed but never sleep. I can run but never walks. I have a bank but no money. What am I?",
		"answer":"River"
	},
	{
		"id":"34",
		"question":"Mr.and Mrs. Mustard have five daughters and each daughter has one brother. How many people are in the Mustard family?",
		"answer":"Eight"
	},
	{
		"id":"35",
		"question":"Fashions change but what can a person wear that is never out of style?",
		"answer":"Smile"
	},
	{
		"id":"36",
		"question":"If you drop a yellow hat in the Red Sea what does it become?",
		"answer":"Wet"
	},
	{
		"id":"37",
		"question":"I cover what is real and hide what is true, But sometimes I bring out the courage in you. What am I?",
		"answer":"Makeup"
	},
	{
		"id":"38",
		"question":"Who is your mother's only sister's son's brother's aunt's daughter's sister's father?",
		"answer":"Father"
	},
	{
		"id":"39",
		"question":"What goes in the water black and comes out red?",
		"answer":"Lobster"
	},
	{
		"id":"40",
		"question":"What has 88 keys but can't open a single door?",
		"answer":"Piano"
	},
	{
		"id":"41",
		"question":"What always goes to bed with its shoes on?",
		"answer":"Horse"
	},
	{
		"id":"24",
		"question":"You cannot keep me until you have given me. What am I?",
		"answer":"Word"
	},
	{
		"id":"43",
		"question":"What type of house weighs the least?",
		"answer":"Lighthouse"
	},
	{
		"id":"44",
		"question":"What do you call a boomerang that doesn't come back?",
		"answer":"Stick"
	},
	{
		"id":"45",
		"question":"I can fly but have no wings. I can cry but I have no eyes. Wherever I go, darkness follows me. What am I?",
		"answer":"Cloud"
	},
	{
		"id":"46",
		"question":"What jumps when it walks and sits when it stands?",
		"answer":"kangaroo"
	},
	{
		"id":"47",
		"question":"What is black and white and is red all over?",
		"answer":"Newspaper "
	},
	{
		"id":"48",
		"question":"Railroad Crossing, look out for the cars. Can you spell that, without any R's??",
		"answer":"That"
	},
	{
		"id":"49",
		"question":"The answer for What type of dress can never be worn?",
		"answer":"Address"
	},
	{
		"id":"50",
		"question":"If you have it, you don't share it. If you share it, you don't have it. What is it??",
		"answer":"Secret"
	},
	{
		"id":"51",
		"question":"A man shaves several times a day, yet he still has a beard. Who is this man?",
		"answer":"Barber"
	},
	{
		"id":"52",
		"question":"It flies around all day but never goes anywhere? What is it?",
		"answer":"Flag"
	}
]