[
	{
		"id":"251",
		"question":"A device for finding furniture in the dark.",
		"answer":"Shin"
	},
	{
		"id":"252",
		"question":"A house has 4 walls. All of the walls are facing south, and a bear is circling the house. What color is the bear?",
		"answer":"White"
	},
	{
		"id":"253",
		"question":"Where do cows go to dance?",
		"answer":"Meatball"
	},
	{
		"id":"254",
		"question":"I have a tail. I can fly. I'm covered in colorful feathers. I can whistle and I can talk. Who am I?",
		"answer":"Parrot"
	},
	{
		"id":"255",
		"question":"What can be seen but never found that only hides in the unwound?",
		"answer":"Relaxation"
	},
	{
		"id":"256",
		"question":"Through its wounds, water does run. It once held many but now has none. What is it?",
		"answer":"Shipwreck"
	},
	{
		"id":"257",
		"question":"What is an aliens favourite sport?",
		"answer":"Spaceball"
	},
	{
		"id":"258",
		"question":"They are producers of pies and burgers and are great for tipping",
		"answer":"cows"
	},
	{
		"id":"259",
		"question":"A single seater best accompanied by circus music and great balance.",
		"answer":"Unicycle"
	},
	{
		"id":"260",
		"question":"A circle of stones, never in rows. Stacked one on the other, mystery it sows. What is it?",
		"answer":"Stonehenge"
	},
	{
		"id":"261",
		"question":"What follows a dog wherever it goes?",
		"answer":"Tail"
	},
	{
		"id":"262",
		"question":"I start with S and end with IT, and have you in the middle. What am I?",
		"answer":"Suit"
	},
	{
		"id":"263",
		"question":"What social media website is a favorite among teens who don't like to share their bedrooms?",
		"answer":"Myspace"
	},
	{
		"id":"264",
		"question":"It carries paper of the most important sort but also plastic, I'm glad to report. What is it?",
		"answer":"Wallet"
	},
	{
		"id":"265",
		"question":"The more holes you cover the lower it goes.",
		"answer":"Recorder"
	},
	{
		"id":"266",
		"question":"I am what remains when nothing is left. What am I?",
		"answer":"Right"
	},
	{
		"id":"267",
		"question":"What nut has a hole and is squishy?",
		"answer":"Doughnut"
	},
	{
		"id":"268",
		"question":"What calls for help, when written in capital letters, is the same forwards, backwards and upside down?",
		"answer":"SOS"
	},
	{
		"id":"269",
		"question":"My treasures are golden and guarded by thousands amongst a maze no man can enter. What am I?",
		"answer":"Beehive"
	},
	{
		"id":"270",
		"question":"These make grown men dance in end zones",
		"answer":"Touchdown"
	},
	{
		"id":"271",
		"question":"What animal would you get crossed a duck, a beaver, and an otter?",
		"answer":"Platypus"
	},
	{
		"id":"272",
		"question":"I flow from the mouth of Homer when he sees doughnuts. What am I?",
		"answer":"Drool"
	},
	{
		"id":"273",
		"question":"Born from a fountain of wealth, I am black instead of gold but valued the same. What am I?",
		"answer":"Oil"
	},
	{
		"id":"274",
		"question":"This Cajun dish of rice with shrimp, chicken, and vegetables, is often enjoyed with cornbread.",
		"answer":"Jambalaya"
	},
	{
		"id":"275",
		"question":"I am so delicious that I require a house to contain me. What am I?",
		"answer":"Pancakes"
	},
	{
		"id":"276",
		"question":"What has feet on the inside but not on the outside?",
		"answer":"Shoes"
	},
	{
		"id":"277",
		"question":"I run up and down the stairs without moving. What am I?",
		"answer":"Rug"
	},
	{
		"id":"278",
		"question":"What's at the head of an elephant and at the tail of a squirrel?",
		"answer":"EL"
	},
	{
		"id":"279",
		"question":"I am edible, pink, and a great summer food. What am I?",
		"answer":"Peach"
	},
	{
		"id":"280",
		"question":"What word in the dictionary is weird?",
		"answer":"Weird"
	},
	{
		"id":"281",
		"question":"I have strong affection for belly buttons. What am I?",
		"answer":"Lint"
	},
	{
		"id":"282",
		"question":"IWhat peels like an onion but still remains whole?",
		"answer":"Lizard"
	},
	
	{
		"id":"283",
		"question":"You can only have it once you have given it",
		"answer":"Respect"
	},
	{
		"id":"284",
		"question":"If you can spot one of these eastern warriors, it means they're not doing their job right.",
		"answer":"Ninja"
	},
	{
		"id":"285",
		"question":"What is a Mummy's favorite type of music?",
		"answer":"Wrap"
	},
	{
		"id":"286",
		"question":"The fans of the pied piper's smooth sound who are feared by elephants.",
		"answer":"Mice"
	},
	{
		"id":"287",
		"question":"A doctor might remove one from the neck of a Dracula victim.",
		"answer":"Fang"
	},
	{
		"id":"288",
		"question":"What instrument can make any sound and be heard but not touched or seen?",
		"answer":"Voice"
	},
	{
		"id":"289",
		"question":"I am nothing but holes tied to holes, yet am strong as iron",
		"answer":"Chain"
	},
	{
		"id":"290",
		"question":"Long legs, crooked thighs, little head, and no eyes.",
		"answer":"Tongs"
	},
	{
		"id":"291",
		"question":"You could do this to a motion, see it on a watch, or place this in a race.",
		"answer":"Second"
	},
	{
		"id":"292",
		"question":"What can provide food before it is alive, while it is alive and after it's dead?",
		"answer":"Chicken"
	},
	{
		"id":"293",
		"question":"Soldiers fight it but never changes.",
		"answer":"war"
	},
	{
		"id":"294",
		"question":"I have eight corners, yet my shadow often takes the shape of a hexagon. What am I?",
		"answer":"Cube"
	},
	{
		"id":"295",
		"question":"What do you call a group of butchers?",
		"answer":"Meating"
	},
	{
		"id":"296",
		"question":"You roll it or you buy it, People say you shouldn't try it, Because you may get a stroke, From inhaling all that smoke.",
		"answer":"Cigarette"
	},
	{
		"id":"297",
		"question":"Often wandering the streets, this group of people cannot afford to be choosers.",
		"answer":"Beggars"
	},
	{
		"id":"298",
		"question":"It breathes fire in fairy-tales, what's it?",
		"answer":"Dragon"
	}
	{
		"id":"299",
		"question":"Mr.Smith has 4 daughters. Each of his daughters has a brother. How many children does Mr Smith have?",
		"answer":"Five"
	}
	{
		"id":"300",
		"question":"Men in skirts blow into these.",
		"answer":"Bagpipes"
	}
	
	
	
	
	